Model,RMSE,R2,MAE
Linear Regression,0.500771,0.913015,0.399552
Random Forest,0.516729,0.907383,0.412327
Gradient Boosting,0.502383,0.912455,0.400855
XGBoost,0.502463,0.912427,0.400867